"~id","~labels","Address","distance","lan","CaseID","long"
"0","StreetLight","Intersection of SAN JOSE AVE and RANDALL ST",0.013852560615096461,37.749540617457086,3726456,-122.4136776434511
"1","StreetLight","Intersection of SAN JOSE AVE and RANDALL ST",0.017623285993734274,37.74567156440144,3741054,-122.41144853570255
"2","StreetLight","1570 CHURCH ST, SAN FRANCISCO, CA, 94131",0.0033372810465504047,37.752964081348075,3756158,-122.42375021558583
"3","StreetLight","433 CORBETT AVE, SAN FRANCISCO, CA, 94114",0.023264478805085566,37.76732726737792,3757211,-122.44613031749435
"4","StreetLight","231 30TH ST, SAN FRANCISCO, CA, 94131",0.006353046660981895,37.748933960543035,3729487,-122.4284514901377
"5","StreetLight","2502 MARKET ST, SAN FRANCISCO, CA, 94114",0.015215524481677793,37.769608221110225,3739646,-122.43052983435751
"6","StreetLight","Intersection of BURNETT AVE and DIAMOND HEIGHTS BLVD",0.010637046835163744,37.757402259299745,3754131,-122.43677974479984
"7","StreetLight","1595 NOE ST, SAN FRANCISCO, CA, 94131",0.010234665023647723,37.74489758539433,3753277,-122.42453697556523
"8","StreetLight","Intersection of LIBERTY ST and SANCHEZ ST",0.009411364904986128,37.76245910275835,3727823,-122.42074638815829
"9","StreetLight","Intersection of 15TH ST and SANCHEZ ST",0.020893923927145872,37.77584609521772,3757402,-122.42602399483691
"10","StreetLight","467 CASTRO ST, SAN FRANCISCO, CA, 94114",0.012566487454034847,37.76752191651219,3747173,-122.42630052205106
"11","StreetLight","Intersection of PORTOLA DR and GLENVIEW DR",0.015459534197663494,37.75438896550485,3767359,-122.44187692030536
"12","StreetLight","151 COLLINGWOOD ST, SAN FRANCISCO, CA, 94114",0.013190855802469065,37.76630400292855,3769722,-122.43315260921061
"13","StreetLight","3993 17TH ST, SAN FRANCISCO, CA, 94114",0.011962706758989338,37.76614829393961,3769927,-122.43065159952366
"14","StreetLight","144 PORTOLA DR, SAN FRANCISCO, CA, 94131",0.0050154174440266526,37.75799075851455,3757300,-122.43042092284315
"15","StreetLight","Intersection of 17TH ST and CLAYTON ST",0.026381655266533775,37.770265421274,3750337,-122.4479130329334
"16","StreetLight","38 CARL ST, SAN FRANCISCO, CA, 94117",0.028250568404576775,37.772838175147825,3765725,-122.4482984350675
"17","StreetLight","151 COLLINGWOOD ST, SAN FRANCISCO, CA, 94114",0.017720213568451628,37.770495981967365,3757245,-122.4349434953621
"18","StreetLight","2059 MARKET ST, SAN FRANCISCO, CA, 94114",0.024467268213267737,37.77941702926181,3770552,-122.42587204024794
"19","StreetLight","426 CASTRO ST, SAN FRANCISCO, CA, 94114",0.015718609852585056,37.76795572039399,3753285,-122.43526429955007
"20","StreetLight","Intersection of CASTRO ST and VALLEY ST",0.011878103992144885,37.74323106228666,3770547,-122.42452687959467
"21","StreetLight","Intersection of 16TH ST and GUERRERO ST",0.013414953257388363,37.76344986924985,3764240,-122.41604432344019
"22","StreetLight","826 STANYAN ST, SAN FRANCISCO, CA, 94117",0.024577690716072794,37.77431828608128,3750130,-122.44156607414784
"23","StreetLight","626 CASTRO ST, SAN FRANCISCO, CA, 94114",0.012763860486463571,37.76580368774962,3747167,-122.43315426147451
"24","StreetLight","1376 CLAYTON ST, SAN FRANCISCO, CA, 94114",0.019812034702221402,37.76577902474032,3757214,-122.44302238221067
"25","StreetLight","Intersection of 16TH ST and MARKET ST",0.009234787324211437,37.76416431449924,3745673,-122.42712750231499
"26","StreetLight","2241 MARKET ST, SAN FRANCISCO, CA, 94114",0.011843521188027244,37.76645368201883,3753440,-122.42358631398143
"27","StreetLight","2337 MARKET ST, SAN FRANCISCO, CA, 94114",0.009390026399304554,37.763119403990224,3748008,-122.42178746463625
"28","StreetLight","301 JERSEY ST, SAN FRANCISCO, CA, 94114",0.0020379080707388676,37.75312427155471,3753259,-122.42553472315221
"29","StreetLight","2219 MARKET ST, SAN FRANCISCO, CA, 94114",0.017459887017740025,37.77208503781585,3750217,-122.42304456244415
"30","StreetLight","661 CASTRO ST, SAN FRANCISCO, CA, 94114",0.011468123179956106,37.76628588490056,3757238,-122.4282035232726
"31","StreetLight","3800 21ST ST, SAN FRANCISCO, CA, 94114",0.011989113393615325,37.765918178829494,3739390,-122.42157278487251
"32","StreetLight","Intersection of OSHAUGHNESSY BLVD and DEL VALE AVE",0.02233271603216484,37.746783326892576,3728593,-122.44721135256346
"33","StreetLight","Intersection of CARL ST and HILLWAY AVE",0.03275579800020821,37.770255465269386,3767509,-122.45539105971505
"34","StreetLight","1134 STANYAN ST, SAN FRANCISCO, CA, 94117",0.022147793684371527,37.76986173780965,3767508,-122.44280905922813
"35","StreetLight","479 CASTRO ST, SAN FRANCISCO, CA, 94114",0.00942442142789224,37.764338589385964,3760077,-122.42554003249265
"36","StreetLight","3872 21ST ST, SAN FRANCISCO, CA, 94114",0.016789141943426705,37.77057237904388,3739403,-122.42026286718033
"37","StreetLight","2219 MARKET ST, SAN FRANCISCO, CA, 94114",0.02015958624133529,37.77509793207948,3745651,-122.42727304408554
"38","StreetLight","372 NOE ST, SAN FRANCISCO, CA, 94114",0.01511398067479579,37.76961129389336,3757269,-122.42273226316884
"39","StreetLight","144 GRATTAN ST, SAN FRANCISCO, CA, 94117",0.02002245012760693,37.76479093280622,3770528,-122.44386837768641
"40","StreetLight","4092 17TH ST, SAN FRANCISCO, CA, 94114",0.012185747198458996,37.763378416923864,3734173,-122.43523441195386
"41","StreetLight","Intersection of MISSION ST and RICHLAND AVE",0.012652277527539344,37.74782143871209,3732663,-122.4159790061176
"42","StreetLight","729 DIAMOND ST, SAN FRANCISCO, CA, 94114",0.008963901697988328,37.75477585836245,3770548,-122.43538988127318
"43","StreetLight","Intersection of MARKET ST and NOE ST",0.008653645592540563,37.76350150203798,3727294,-122.42779206180288
"44","StreetLight","467 CASTRO ST, SAN FRANCISCO, CA, 94114",0.013935865870446675,37.76888926343659,3747176,-122.42670087926236
"45","StreetLight","2051 MARKET ST, SAN FRANCISCO, CA, 94114",0.02318139342944944,37.77803835506269,3770551,-122.4242864643371
"46","StreetLight","311 CORBETT AVE, SAN FRANCISCO, CA, 94114",0.015785938225782385,37.76510811389205,3757289,-122.43851629506227
"47","StreetLight","2786 DIAMOND ST, SAN FRANCISCO, CA, 94131",0.016498943860616688,37.73848778965971,3725791,-122.42542241857782
"48","StreetLight","282 CASTRO ST, SAN FRANCISCO, CA, 94114",0.016941219755155612,37.76881246150534,3724505,-122.43617486471184
"49","StreetLight","862 SHRADER ST, SAN FRANCISCO, CA, 94117",0.03010581572627932,37.77925300231234,3770658,-122.44420472562886
"50","StreetLight","Intersection of 17TH ST and NOE ST",0.01355909699218751,37.76810386669092,3736405,-122.42311348195317
"51","StreetLight","270 CHATTANOOGA ST, SAN FRANCISCO, CA, 94114",0.004365571584114049,37.755112336868194,3742206,-122.4220650173243
"52","StreetLight","Intersection of GLENVIEW DR and PORTOLA DR",0.01844651243922336,37.76014420961295,3765209,-122.44412968572968
"53","StreetLight","50 VAN BUREN ST, SAN FRANCISCO, CA, 94131",0.013027581627322411,37.74917219899491,3750628,-122.43810103759029
"54","StreetLight","Intersection of 17TH ST and SHRADER ST",0.026842488146476728,37.76984205042106,3733212,-122.44876446212896
"55","StreetLight","317 CHENERY ST, SAN FRANCISCO, CA, 94131",0.008427108676956632,37.74892179485116,3740054,-122.4205453053517
"56","StreetLight","3003 MARKET ST, SAN FRANCISCO, CA, 94114",0.012320948386770203,37.76293271474571,3679304,-122.43581815683535
"57","StreetLight","783 CASTRO ST, SAN FRANCISCO, CA, 94114",0.013495516425004711,37.76703504569692,3688226,-122.4204088715485
"58","StreetLight","4125 18TH ST, SAN FRANCISCO, CA, 94114",0.011098043296862543,37.762341819216914,3679432,-122.43471134889342
"59","StreetLight","2140 MARKET ST, SAN FRANCISCO, CA, 94114",0.025099300914459954,37.77968545542364,3719619,-122.422134473462
"60","StreetLight","111 BUENA VISTA AVE, SAN FRANCISCO, CA, 94117",0.021303308578047152,37.773736944223444,3698172,-122.43648313085498
"61","StreetLight","3975 17TH ST, SAN FRANCISCO, CA, 94114",0.01215063112392571,37.766358277205974,3715890,-122.42222926916259
"62","StreetLight","3571 16TH ST, SAN FRANCISCO, CA, 94114",0.007747635352976208,37.76235810985215,3716125,-122.42871595917366
"63","StreetLight","Intersection of MARKET ST and ROMAIN ST",0.0113078400018221,37.763059866603975,3691802,-122.43431422167471
"64","StreetLight","1253 NOE ST, SAN FRANCISCO, CA, 94114",0.0023590167666260905,37.75298225975795,3675905,-122.42513588605651
"65","StreetLight","80 COLLINGWOOD ST, SAN FRANCISCO, CA, 94114",0.012469127417309503,37.76463260339822,3679428,-122.43429188114182
"66","StreetLight","2135 MARKET ST, SAN FRANCISCO, CA, 94114",0.01754192004222936,37.77249004760369,3704528,-122.42589985904756
"67","StreetLight","Intersection of 21ST ST and NOE ST",0.010239502768431375,37.76490776250764,3676717,-122.42401712674464
"68","StreetLight","Intersection of MARKET ST and DOLORES ST",0.02286698674464293,37.77720595704547,3672063,-122.42115126150328
"69","StreetLight","275 GRAYSTONE TER, SAN FRANCISCO, CA, 94114",0.014038853694213989,37.767886174493455,3679285,-122.43189605453968
"70","StreetLight","3571 16TH ST, SAN FRANCISCO, CA, 94114",0.007704092637808663,37.76265932534289,3700930,-122.42631397077749
"71","StreetLight","Intersection of CASTRO ST and MARKET ST",0.016804054485133064,37.767935568789994,3672074,-122.43710060493986
"72","StreetLight","Intersection of CASTRO ST and 23RD ST",0.006713031804993292,37.758890047588814,3705688,-122.42098824684217
"73","StreetLight","Intersection of CARL ST and STANYAN ST",0.028764408251480904,37.774701379083766,3681696,-122.44734462883676
"74","StreetLight","Intersection of 30TH ST and SANCHEZ ST",0.009501137438848246,37.74547080240525,3676691,-122.42697664834971
"75","StreetLight","51 CHENERY ST, SAN FRANCISCO, CA, 94131",0.012059748437420035,37.74353120415683,3716510,-122.42256645842275
"76","StreetLight","219 CLINTON PARK, SAN FRANCISCO, CA, 94103",0.02388144841807038,37.778759923440674,3705593,-122.42450417267972
"77","StreetLight","16 ORD CT, SAN FRANCISCO, CA, 94114",0.013568854128761037,37.76258581011147,3716960,-122.43764834935156
"78","StreetLight","1562 DOLORES ST, SAN FRANCISCO, CA, 94110",0.01450601088987829,37.742948571828386,3698200,-122.41828873398651
"79","StreetLight","4230 24TH ST, SAN FRANCISCO, CA, 94114",0.0057237466666216754,37.75464040364728,3713319,-122.43214282662524
"80","StreetLight","Intersection of 18TH ST and DANVERS ST",0.009272564483715452,37.76318377905399,3679302,-122.43070392441676
"81","StreetLight","Intersection of 23RD ST and CASTRO ST",0.003286833406506514,37.75234892413575,3704081,-122.42442628045197
"82","StreetLight","Intersection of 14TH ST and DOLORES ST",0.021690779691281057,37.776638989921075,3681873,-122.42701179566829
"83","StreetLight","Intersection of MARKET ST and DANVERS ST",0.012045029823896339,37.76248616689154,3719995,-122.43582887837725
"84","StreetLight","Intersection of 18TH ST and DANVERS ST",0.016060632253193825,37.769692563926284,3679295,-122.4328136945267
"85","StreetLight","Intersection of CARL ST and STANYAN ST",0.03034100676678449,37.77682908328637,3681704,-122.44745511014443
"86","StreetLight","996 DOLORES ST, SAN FRANCISCO, CA, 94114",0.0038080844412901414,37.75873917916174,3688355,-122.42686324397843
"87","StreetLight","210 CHURCH ST, SAN FRANCISCO, CA, 94114",0.02114520674258504,37.77591291640121,3704516,-122.42361167597277
"88","StreetLight","1727 WALLER ST, SAN FRANCISCO, CA, 94117",0.027675461718899612,37.77330541874853,3716987,-122.44714572346619
"89","StreetLight","3522 17TH ST, SAN FRANCISCO, CA, 94110",0.016833088952661873,37.764153741090766,3703333,-122.41232971361002
"90","StreetLight","Intersection of 17TH ST and NOE ST",0.015895946161256704,37.77048753034353,3677306,-122.42304327451232
"91","StreetLight","89 STATES ST, SAN FRANCISCO, CA, 94114",0.017468489440249032,37.76989220380208,3721999,-122.43548649633094
"92","StreetLight","Intersection of 30TH ST and SANCHEZ ST",0.008931330016156345,37.74606042973486,3676692,-122.4256301842523
"93","StreetLight","3986 26TH ST, SAN FRANCISCO, CA, 94114",0.005451509764847853,37.75442150606222,3688247,-122.42100255434757
"94","StreetLight","144 GRATTAN ST, SAN FRANCISCO, CA, 94117",0.026118720868474284,37.7697532532377,3676321,-122.44795059442319
"95","StreetLight","Intersection of SHRADER ST and BEULAH ST",0.02539780290099448,37.77417910111493,3716952,-122.44302669500715
"96","StreetLight","674 DOUGLASS ST, SAN FRANCISCO, CA, 94114",0.00580270111828953,37.757207348090205,3713323,-122.43177597823764
"97","StreetLight","Intersection of CARL ST and STANYAN ST",0.030700808240901028,37.78095836927872,3681699,-122.44275017605979
"98","StreetLight","Intersection of BUCHANAN ST and MARKET ST",0.023425070627491426,37.778344572394744,3719616,-122.42511933595004
"99","StreetLight","273 STATES ST, SAN FRANCISCO, CA, 94114",0.008728590468478604,37.762373396478765,3700835,-122.43102905333905
"100","StreetLight","3989 26TH ST, SAN FRANCISCO, CA, 94131",0.005400431802526973,37.756080226019115,3676713,-122.42114565683119
"101","StreetLight","3571 16TH ST, SAN FRANCISCO, CA, 94114",0.01034020557053519,37.764022957070786,3700887,-122.42145672762348
"102","StreetLight","402 DUBOCE AVE, SAN FRANCISCO, CA, 94117",0.022062386008445647,37.776994607634364,3697412,-122.42540217366276
"103","StreetLight","26 NEWBURG ST, SAN FRANCISCO, CA, 94131",0.0013193198210703116,37.75626386084512,3713305,-122.42625373050994
"104","StreetLight","2118 MARKET ST, SAN FRANCISCO, CA, 94114",0.025338943468669276,37.779611805798176,3700237,-122.42058339887339
"105","StreetLight","Intersection of SAN JOSE AVE and MILTON ST",0.022454041850384132,37.732646457485146,3711500,-122.42897043299969
"106","StreetLight","Intersection of MARKET ST and CHURCH ST",0.018964971704238796,37.77377963033092,3686104,-122.42411611192172
"107","StreetLight","Intersection of DOLORES ST and 29TH ST",0.009411037504974459,37.74951676331648,3698205,-122.41874784789641
"108","StreetLight","Intersection of DOLORES ST and MARKET ST",0.02070574098172094,37.775066567732765,3701873,-122.42149872111939
"109","StreetLight","402 FREDERICK ST, SAN FRANCISCO, CA, 94117",0.027009134537925673,37.775451642885905,3716850,-122.44401827130987
"110","StreetLight","2219 MARKET ST, SAN FRANCISCO, CA, 94114",0.020810886028339044,37.77551396852765,3700219,-122.42319268218431
"111","StreetLight","Intersection of 14TH ST and BUENA VISTA TER",0.026973866359493087,37.78033057938346,3698175,-122.43557786891826
"112","StreetLight","402 DUBOCE AVE, SAN FRANCISCO, CA, 94117",0.02215008126822771,37.777102713068146,3717024,-122.42681825009157
"113","StreetLight","2222 MARKET ST, SAN FRANCISCO, CA, 94114",0.0227804887301364,37.77699442613578,3719620,-122.42066049717377
"114","StreetLight","392 NOE ST, SAN FRANCISCO, CA, 94114",0.009356257795464134,37.76421658949015,3679431,-122.42509272415082
"115","StreetLight","1536 CHURCH ST, SAN FRANCISCO, CA, 94131",0.0037960500522180598,37.75264997360065,3672637,-122.42341251372427
"116","StreetLight","Intersection of NOE ST and 19TH ST",0.010159477796691784,37.76460270094334,3688469,-122.42324069720756
"117","StreetLight","3880 21ST ST, SAN FRANCISCO, CA, 94114",0.010902124179669435,37.76455449512627,3688234,-122.42125801234236
"118","StreetLight","1027 DIAMOND ST, SAN FRANCISCO, CA, 94114",0.011834627737392474,37.757660459670944,3713313,-122.43794928035621
"119","StreetLight","Intersection of HATTIE ST and MARKET ST",0.017118937316331045,37.77085119137073,3679305,-122.43278414595909
"120","StreetLight","Intersection of COLE ST and FREDERICK ST",0.025278777440890975,37.77216826504821,3676712,-122.4449414903824
"121","StreetLight","3975 17TH ST, SAN FRANCISCO, CA, 94114",0.010095144480594044,37.76491219094156,3713378,-122.42475816008975
"122","StreetLight","Intersection of MARKET ST and 16TH ST",0.011581747160994856,37.76625824666324,3712796,-122.42895716874773
"123","StreetLight","4735 18TH ST, SAN FRANCISCO, CA, 94114",0.012887206222494363,37.76227546136621,3679298,-122.43703470634635
"124","StreetLight","449 BUENA VISTA AVE, SAN FRANCISCO, CA, 94117",0.027036745542721147,37.780516837937064,3705714,-122.43523874662851
"125","StreetLight","21 EUREKA ST, SAN FRANCISCO, CA, 94114",0.018252537381192483,37.77090745114503,3679306,-122.43529958221687
"126","StreetLight","998 BURNETT AVE, SAN FRANCISCO, CA, 94131",0.014017520647442371,37.75744097046744,3681338,-122.44022330409341
"127","StreetLight","334 NOE ST, SAN FRANCISCO, CA, 94114",0.00909896933282451,37.763725391886005,3695009,-122.42400079755991
"128","StreetLight","Intersection of OCTAVIA ST and MARKET ST",0.02336153457656719,37.77241299164358,3719052,-122.41090305918186
"129","StreetLight","Intersection of BUCHANAN ST and DUBOCE AVE",0.023624200181218136,37.77847959106053,3692964,-122.42424903987086
"130","StreetLight","Intersection of CASTRO ST and 16TH ST",0.015153836420197927,37.7692381362849,3719988,-122.43149350373446
"131","StreetLight","619 NOE ST, SAN FRANCISCO, CA, 94114",0.015705429491224897,37.77062124606634,3686222,-122.42755157306955
"132","StreetLight","Intersection of 17TH ST and MARS ST",0.016186476270888952,37.76847687687213,3701898,-122.43532666156626
"133","StreetLight","Intersection of OCTAVIA ST and MARKET ST",0.024613840362449423,37.77623388109957,3677147,-122.41405459275137
"134","StreetLight","Intersection of MARKET ST and DANVERS ST",0.018910422282929055,37.77079498357693,3654151,-122.43675895776695
"135","StreetLight","209 BERKELEY WAY, SAN FRANCISCO, CA, 94131",0.008682879942475222,37.74750969622064,3622854,-122.43089364722067
"136","StreetLight","473 JERSEY ST, SAN FRANCISCO, CA, 94114",0.0046517011933378104,37.75269595696981,3625746,-122.4304935258345
"137","StreetLight","Intersection of MARKET ST and CASTRO ST",0.016151900121068402,37.76962486370591,3643439,-122.43318874339015
"138","StreetLight","983 CHENERY ST, SAN FRANCISCO, CA, 94131",0.006009875460928303,37.75079142524633,3668841,-122.43076072424029
"139","StreetLight","Intersection of MARKET ST and 16TH ST",0.013330808778559017,37.76817440814227,3643215,-122.42469975973978
"140","StreetLight","Intersection of DOUGLASS ST and MARKET ST",0.01496385046182036,37.76926436033063,3637811,-122.43080840200935
"141","StreetLight","29 HOPKINS AVE, SAN FRANCISCO, CA, 94131",0.005416683208568432,37.75575163467916,3628811,-122.43178573304964
"142","StreetLight","Intersection of OCTAVIA ST and MARKET ST",0.021028886419520536,37.773368521202315,3633621,-122.41626925623291
"143","StreetLight","20 ASHBURY TER, SAN FRANCISCO, CA, 94117",0.022848530735411883,37.77409750655296,3625031,-122.43890420504563
"144","StreetLight","Intersection of MARKET ST and COLLINGWOOD ST",0.013577459691525878,37.76346263238187,3644783,-122.43701012890028
"145","StreetLight","Intersection of CRAGS CT and BERKELEY WAY",0.007601366991780395,37.749384717678275,3622477,-122.4315989395536
"146","StreetLight","2344 MARKET ST, SAN FRANCISCO, CA, 94114",0.007452850220756254,37.76235233155627,3642873,-122.42551108862446
"147","StreetLight","127 GRAYSTONE TER, SAN FRANCISCO, CA, 94114",0.019410134211958256,37.7684177272573,3633363,-122.44041125261421
"148","StreetLight","760 CHURCH ST, SAN FRANCISCO, CA, 94114",0.01558006797807934,37.769291679355696,3643892,-122.42032624035917
"149","StreetLight","548 ELIZABETH ST, SAN FRANCISCO, CA, 94114",0.0008382236104065837,37.755573277939355,3668615,-122.42586062507871
"150","StreetLight","Intersection of BERKELEY WAY and CRAGS CT",0.012920486184544383,37.74339307795915,3631295,-122.43219286689944
"151","StreetLight","271 CHATTANOOGA ST, SAN FRANCISCO, CA, 94114",0.004879671017242146,37.75943460077858,3658585,-122.42449027150896
"152","StreetLight","Intersection of PORTOLA DR and MARKET ST",0.006725223711881876,37.756885169736705,3654136,-122.43287040119462
"153","StreetLight","111 CARL ST, SAN FRANCISCO, CA, 94117",0.027718872838270438,37.77783559081334,3664262,-122.44207590946077
"154","StreetLight","Intersection of 14TH ST and MARKET ST",0.0224685155337357,37.77730244356226,3642859,-122.42408814662154
"155","StreetLight","259 DUNCAN ST, SAN FRANCISCO, CA, 94131",0.003119387167597841,37.7541459682239,3657779,-122.42341543250913
"156","StreetLight","118 CHURCH ST, SAN FRANCISCO, CA, 94114",0.02140428184209712,37.77631100351624,3633285,-122.4249751223657
"157","StreetLight","Intersection of CHULA LN and DOLORES ST",0.013086539873736557,37.76783910258124,3618422,-122.42872672341565
"158","StreetLight","144 GRATTAN ST, SAN FRANCISCO, CA, 94117",0.02219883426124275,37.766979011441116,3647369,-122.44508890616645
"159","StreetLight","Intersection of CARL ST and CLAYTON ST",0.030167970252623317,37.77641835150914,3618696,-122.44762866522238
"160","StreetLight","201 BERKELEY WAY, SAN FRANCISCO, CA, 94131",0.011288396501290843,37.747018845152795,3633415,-122.4344545155075
"161","StreetLight","Intersection of 23RD ST and DIAMOND ST",0.007143387040317274,37.757489660621665,3625725,-122.4331067818932
"162","StreetLight","305 CASTRO ST, SAN FRANCISCO, CA, 94114",0.017802906488517376,37.76897024194594,3625799,-122.43740716123436
"163","StreetLight","2215 MARKET ST, SAN FRANCISCO, CA, 94114",0.017231263910017582,37.772173998002806,3642864,-122.42710568020048
"164","StreetLight","Intersection of 16TH ST and MARKET ST",0.01442620089122285,37.76938084519119,3626197,-122.42622472699561
"165","StreetLight","2267 MARKET ST, SAN FRANCISCO, CA, 94114",0.011839202081730203,37.76605318906808,3649374,-122.4223021722242
"166","StreetLight","Intersection of BERKELEY WAY and CRAGS CT",0.013989425446465852,37.74218109033075,3633345,-122.4321290042002
"167","StreetLight","Intersection of CARL ST and COLE ST",0.02870394757342263,37.77461553609062,3618703,-122.44734243067091
"168","StreetLight","Intersection of BUCHANAN ST and MARKET ST",0.023648450353901215,37.77851956038085,3642849,-122.42442497024467
"169","StreetLight","2029 MARKET ST, SAN FRANCISCO, CA, 94114",0.023973117830309306,37.77870851338485,3641651,-122.4231824900834
"170","StreetLight","Intersection of CHURCH ST and JERSEY ST",0.001598254531227362,37.75583504224313,3657774,-122.42776264397236
"171","StreetLight","Intersection of 14TH ST and MARKET ST",0.024048231030687872,37.778137515680534,3633616,-122.42002949810143
"172","StreetLight","983 CHENERY ST, SAN FRANCISCO, CA, 94131",0.01101674184254935,37.74692898414682,3668842,-122.43397328247502
"173","StreetLight","999 CHENERY ST, SAN FRANCISCO, CA, 94131",0.016141695143923506,37.74241922115078,3616355,-122.43659546826055
"174","StreetLight","377 CORBETT AVE, SAN FRANCISCO, CA, 94114",0.02205722400525463,37.768368696055845,3631333,-122.44393843632767
"175","StreetLight","3933 18TH ST, SAN FRANCISCO, CA, 94114",0.013129211485901444,37.76728944910218,3669540,-122.42192623142097
"176","StreetLight","Intersection of DIAMOND ST and 20TH ST",0.009597474623882411,37.763797474994895,3655059,-122.43016157487642
"177","StreetLight","3951 18TH ST, SAN FRANCISCO, CA, 94114",0.013487050091605255,37.76734908332761,3669492,-122.4211067173117
"178","StreetLight","Intersection of MARKET ST and GLENDALE ST",0.009840792718277765,37.76389342604338,3654143,-122.43054664209909
"179","StreetLight","275 CHATTANOOGA ST, SAN FRANCISCO, CA, 94114",0.002940942432066713,37.75667336333685,3655164,-122.42404031187282
"180","StreetLight","995 DOLORES ST, SAN FRANCISCO, CA, 94110",0.0046743758964649575,37.7558050000281,3610156,-122.42183114974694
"181","StreetLight","67 WALLER ST, SAN FRANCISCO, CA, 94102",0.02555895678902796,37.77679963634099,3610139,-122.41315680656895
"182","StreetLight","96 28TH ST, SAN FRANCISCO, CA, 94110",0.01656839380334199,37.76091121081114,3610168,-122.41096661371147
"183","StreetLight","1480 DOLORES ST, SAN FRANCISCO, CA, 94131",0.011242980237524737,37.76022290111006,3610169,-122.41649475896244
"184","StreetLight","4087 17TH ST, SAN FRANCISCO, CA, 94114",0.014334410767603388,37.76880606309057,3615828,-122.43012280440992
"185","StreetLight","700 GUERRERO ST, SAN FRANCISCO, CA, 94110",0.014878506888674023,37.766705286458325,3603395,-122.41729948572846
"186","StreetLight","1050 DOLORES ST, SAN FRANCISCO, CA, 94114",0.0008061435201737747,37.754214851529234,3610160,-122.42611084133819
"187","StreetLight","185 DOLORES ST, SAN FRANCISCO, CA, 94103",0.017532171083270865,37.772451064657716,3610144,-122.42528660384498
"188","StreetLight","1425 SANCHEZ ST, SAN FRANCISCO, CA, 94131",0.0023041129816373618,37.75275197428154,3603613,-122.42575631306092
"189","StreetLight","148 VALLEY ST, SAN FRANCISCO, CA, 94131",0.010301213815394745,37.74472922348398,3610172,-122.42519225748273
"190","StreetLight","4216 24TH ST, SAN FRANCISCO, CA, 94114",0.004640019650604007,37.75359784878561,3601797,-122.43086457032662
"191","StreetLight","929 DOLORES ST, SAN FRANCISCO, CA, 94110",0.004736171334110149,37.75640507103778,3610159,-122.4219187198992
"192","StreetLight","1273 DOLORES ST, SAN FRANCISCO, CA, 94110",0.014413262321854647,37.7545004953539,3610166,-122.41202173082573
"193","StreetLight","945 DOLORES ST, SAN FRANCISCO, CA, 94110",0.005929677993848044,37.757319104866426,3610157,-122.42098930219416
"194","StreetLight","Intersection of 24TH ST and DIAMOND ST",0.012175421901908332,37.754671513137154,3601808,-122.43859988744686
"195","StreetLight","401 DOLORES ST, SAN FRANCISCO, CA, 94110",0.014548917014149655,37.76941013534691,3610076,-122.42476915221184
"196","StreetLight","2029 MARKET ST, SAN FRANCISCO, CA, 94114",0.020006768881830318,37.77496278986659,3694820,-122.42638193133509
"197","StreetLight","674 SANCHEZ ST, SAN FRANCISCO, CA, 94114",0.013727100106893566,37.76864712215828,3814950,-122.42543357544467
"198","StreetLight","Intersection of 16TH ST and MARKET ST",0.011404084917173598,37.76636015838154,3839358,-122.42642643079682
"199","StreetLight","546 LIBERTY ST, SAN FRANCISCO, CA, 94114",0.00923729640790983,37.76275718267663,3639087,-122.42148104075551
"200","StreetLight","2140 MARKET ST, SAN FRANCISCO, CA, 94114",0.018792638244620807,37.77303352215013,3757396,-122.42129270572849
"201","StreetLight","3184 MARKET ST, SAN FRANCISCO, CA, 94114",0.01532021748879018,37.7682286168902,3757295,-122.43407950075186
"202","StreetLight","87 DOLORES ST, SAN FRANCISCO, CA, 94103",0.02335996357460541,37.77831464152981,3803783,-122.4261724485605
"203","StreetLight","2317 MARKET ST, SAN FRANCISCO, CA, 94114",0.01122036664941866,37.766105883557216,3757254,-122.42768412108448
"204","StreetLight","Intersection of CASTRO ST and CLIPPER ST",0.003252388848181979,37.75803940155908,3661579,-122.42539284129288
"205","StreetLight","Intersection of CHURCH ST and MARKET ST",0.022389315176558754,37.77716240084426,3757395,-122.42357113909826
"206","StreetLight","3074 MARKET ST, SAN FRANCISCO, CA, 94114",0.015158718056794177,37.766999205633404,3757284,-122.43563375149992
"207","StreetLight","2301 MARKET ST, SAN FRANCISCO, CA, 94114",0.016680229487192576,37.77053555914215,3676704,-122.42046879105455
"208","StreetLight","2301 MARKET ST, SAN FRANCISCO, CA, 94114",0.013322879875050835,37.767834313746306,3757260,-122.42301457327487
"209","StreetLight","2350 MARKET ST, SAN FRANCISCO, CA, 94114",0.009235636908260582,37.762868674603475,3757278,-122.42166462708832
"210","StreetLight","Intersection of NOE ST and MARKET ST",0.016548779873094728,37.77091272970889,3803464,-122.42204062375092
"211","StreetLight","2075 MARKET ST, SAN FRANCISCO, CA, 94114",0.02570075482351367,37.78009058113553,3757394,-122.42106259546222
"212","StreetLight","2301 MARKET ST, SAN FRANCISCO, CA, 94114",0.008984023126928815,37.763658661510085,3757264,-122.4286588525723
"213","StreetLight","2144 MARKET ST, SAN FRANCISCO, CA, 94114",0.017535160703845077,37.77245874017711,3757397,-122.42536077601054
"214","StreetLight","2341 MARKET ST, SAN FRANCISCO, CA, 94114",0.012475046834073663,37.76688223943768,3757253,-122.42276809726891
"215","StreetLight","2334 MARKET ST, SAN FRANCISCO, CA, 94114",0.008669159590559536,37.76361149912191,3757276,-122.42594000439121
"216","StreetLight","3001 MARKET ST, SAN FRANCISCO, CA, 94114",0.010617421793009672,37.764023676345246,3757308,-122.43195121644524
"217","StreetLight","2332 MARKET ST, SAN FRANCISCO, CA, 94114",0.012931071297223188,37.76788218222707,3757272,-122.42606957457123
"218","StreetLight","3085 MARKET ST, SAN FRANCISCO, CA, 94114",0.017461390778260626,37.7673852990446,3757215,-122.43869215113469
"300","StreetLight","3965 18TH ST, SAN FRANCISCO, CA, 94114",0.009935970537836352,37.76404221248942,3868357,-122.42240714590717
"301","StreetLight","3690 21ST ST, SAN FRANCISCO, CA, 94114",0.014707810122354496,37.769663358117484,3868368,-122.42655212601828
"302","StreetLight","157 STATES ST, SAN FRANCISCO, CA, 94114",0.013732345119901344,37.76667109334386,3871801,-122.43359267888147
"303","StreetLight","4690 18TH ST, SAN FRANCISCO, CA, 94114",0.018254425008207176,37.768469810736185,3868437,-122.43869983026151
"304","StreetLight","318 FREDERICK ST, SAN FRANCISCO, CA, 94117",0.024330743940415733,37.772866170478295,3871793,-122.44289635315465
"305","StreetLight","3649 21ST ST, SAN FRANCISCO, CA, 94114",0.009476024048280882,37.76434798477987,3868367,-122.4276875671558
"306","StreetLight","901 SANCHEZ ST, SAN FRANCISCO, CA, 94114",0.0067544319290292676,37.758302546555605,3844174,-122.4205606396301
"307","StreetLight","Intersection of MASONIC AVE and PIEDMONT ST",0.021617968760415246,37.77370055782894,3841915,-122.4371972333902
"308","StreetLight","1526 DOLORES ST, SAN FRANCISCO, CA, 94110",0.008063926614966108,37.7525680666401,3834199,-122.41872556207724
"309","StreetLight","Intersection of PARNASSUS AVE and SHRADER ST",0.021590485212693737,37.770555246108486,3860574,-122.44135477585763
"310","StreetLight","Intersection of DIAMOND ST and MORELAND ST",0.01182169951725056,37.747606023522195,3828116,-122.43568680554004
"311","StreetLight","210 CHURCH ST, SAN FRANCISCO, CA, 94114",0.024169630202799157,37.77890636889623,3857524,-122.42317904130114
"312","StreetLight","109 LIBERTY ST, SAN FRANCISCO, CA, 94110",0.017561571246643624,37.76240174083232,3848132,-122.410522734798
"313","StreetLight","3953 18TH ST, SAN FRANCISCO, CA, 94114",0.008885349517473756,37.76376359440862,3854435,-122.42760125300177
"314","StreetLight","130 CHURCH ST, SAN FRANCISCO, CA, 94114",0.024113604409465007,37.77838791266025,3837464,-122.42073438871725
"315","StreetLight","Intersection of 21ST ST and CHATTANOOGA ST",0.013114993321428688,37.766935346334094,3844180,-122.42108924534146
"316","StreetLight","Intersection of DOLORES ST and MARKET ST",0.019430609153275418,37.77414361192156,3834977,-122.42336397946701
"317","StreetLight","45 ORD CT, SAN FRANCISCO, CA, 94114",0.011033780295562713,37.76237651032356,3827887,-122.43459366088832
"318","StreetLight","106 PARNASSUS AVE, SAN FRANCISCO, CA, 94117",0.02220663193116302,37.76308595439183,3860579,-122.44709272634503
"319","StreetLight","4131 CESAR CHAVEZ ST, SAN FRANCISCO, CA, 94131",0.0048447397895614855,37.7560479588976,3831333,-122.42170769705119
"320","StreetLight","3972 17TH ST, SAN FRANCISCO, CA, 94114",0.010722154291002072,37.76551863717689,3839341,-122.42458473892403
"321","StreetLight","471 CHURCH ST, SAN FRANCISCO, CA, 94114",0.01254121708766176,37.76639687390377,3857533,-122.42129065076385
"322","StreetLight","4321 23RD ST, SAN FRANCISCO, CA, 94114",0.004579872302642197,37.75673586570246,3848076,-122.43064769301033
"323","StreetLight","Intersection of DUNCAN ST and CHURCH ST",0.0003763400736381055,37.75521634691518,3833012,-122.42669961779008
"324","StreetLight","67 WALLER ST, SAN FRANCISCO, CA, 94102",0.0213652116190478,37.774718627613275,3824333,-122.41830906456799
"325","StreetLight","1126 DOLORES ST, SAN FRANCISCO, CA, 94114",0.00639642465518474,37.75803308710242,3837478,-122.42082009697907
"326","StreetLight","1765 DOLORES ST, SAN FRANCISCO, CA, 94131",0.015504168737567006,37.74926407846839,3820416,-122.4120062643558
"328","StreetLight","740 CHURCH ST, SAN FRANCISCO, CA, 94114",0.007334263339074698,37.76228311673703,3836020,-122.42610243491579
"329","StreetLight","720 CONGO ST, SAN FRANCISCO, CA, 94131",0.011546945660136119,37.748454442674564,3837373,-122.43597036698374
"330","StreetLight","1800 MARKET ST, SAN FRANCISCO, CA, 94102",0.019732301645598173,37.772250316764215,3824336,-122.41692658721082
"331","StreetLight","121 LIBERTY ST, SAN FRANCISCO, CA, 94110",0.01380540599842769,37.76260004584486,3844186,-122.41493175191398
"332","StreetLight","Intersection of 24TH ST and GRAND VIEW AVE",0.011283828242843987,37.75889528151537,3854278,-122.43700169412872
"333","StreetLight","Intersection of 19TH ST and DOLORES ST",0.011933803868237548,37.76621309834166,3824349,-122.42246609125301
"334","StreetLight","3690 MISSION ST, SAN FRANCISCO, CA, 94110",0.01505600446466298,37.746257227236285,3855613,-122.41413904268282
"335","StreetLight","Intersection of MARKET ST and SHORT ST",0.018730555379470076,37.76920805011525,3849825,-122.43858159191639
"336","StreetLight","320 DOLORES ST, SAN FRANCISCO, CA, 94110",0.00986614581528914,37.76478106654684,3833746,-122.42552759925519
"337","StreetLight","Intersection of 16TH ST and GUERRERO ST",0.01943101671855537,37.768351276025655,3834200,-122.41235182027233
"338","StreetLight","93 PARK ST, SAN FRANCISCO, CA, 94110",0.012289510420852606,37.745262140719085,3820359,-122.41887400203377
"339","StreetLight","Intersection of ELIZABETH ST and DOUGLASS ST",0.010140508110839691,37.757731513574896,3831251,-122.43618109012584
"340","StreetLight","2059 MARKET ST, SAN FRANCISCO, CA, 94114",0.025068015118580193,37.77961390864726,3854086,-122.42191153734298
"341","StreetLight","Intersection of HIGHLAND AVE and MISSION ST",0.01573208447520147,37.74524308365366,3859956,-122.41405215763791
"342","StreetLight","127 PARNASSUS AVE, SAN FRANCISCO, CA, 94117",0.02263396079342802,37.768874544460964,3860577,-122.44427638647348
"343","StreetLight","Intersection of 29TH ST and CASTRO ST",0.008776989380909253,37.74652873805636,3834163,-122.42397512764681
"344","StreetLight","22 WALLER ST, SAN FRANCISCO, CA, 94102",0.02623136238789765,37.77676949503702,3830328,-122.41185867963635
"345","StreetLight","Intersection of COLE ST and PARNASSUS AVE",0.02185458572529702,37.769580671596394,3860578,-122.44266798988464
"346","StreetLight","193 CHATTANOOGA ST, SAN FRANCISCO, CA, 94114",0.006529989338685094,37.75965903876191,3844178,-122.42189757291017
"347","StreetLight","125 EDGEWOOD AVE, SAN FRANCISCO, CA, 94117",0.033589769495307176,37.76426796918486,3866233,-122.45870101884738
"348","StreetLight","193 CHATTANOOGA ST, SAN FRANCISCO, CA, 94114",0.004420697536345065,37.75277743003856,3837477,-122.42258122413666
"349","StreetLight","595 DOLORES ST, SAN FRANCISCO, CA, 94110",0.008695286561292622,37.76360072518504,3836306,-122.42549077136586
"350","StreetLight","Intersection of GUERRERO ST and CESAR CHAVEZ ST",0.012031662917884767,37.75991868188259,3855543,-122.41546725160563
"351","StreetLight","300 CHURCH ST, SAN FRANCISCO, CA, 94114",0.019176010977132677,37.77405947438898,3833103,-122.42476061611204
"352","StreetLight","4801 17TH ST, SAN FRANCISCO, CA, 94117",0.021942519423554237,37.765860217190045,3860572,-122.44546916234302
"353","StreetLight","127 FAIR OAKS ST, SAN FRANCISCO, CA, 94110",0.014734906717138029,37.75390027349936,3844187,-122.41173075890138
"354","StreetLight","4735 18TH ST, SAN FRANCISCO, CA, 94114",0.014296428449639477,37.76443392416246,3827900,-122.43713097843064
"355","StreetLight","Intersection of 15TH ST and MARKET ST",0.020320969741692965,37.7751480662294,3834976,-122.42414191235369
"356","StreetLight","Intersection of CARL ST and STANYAN ST",0.027680566196147956,37.77372604649869,3826898,-122.4467723694849
"357","StreetLight","Intersection of DOLORES ST and 19TH ST",0.007506472207653284,37.762461210510295,3846336,-122.42656936867432
"358","StreetLight","3633 22ND ST, SAN FRANCISCO, CA, 94114",0.0022595240425143056,37.75711649461408,3837474,-122.42576595320445
"359","StreetLight","Intersection of DOLORES ST and LIBERTY ST",0.008693989021781352,37.76307129288097,3844182,-122.42330871129822
"360","StreetLight","Intersection of HOFFMAN AVE and ALVARADO ST",0.012160845928804256,37.75642851692398,3864671,-122.43849916590855
"361","StreetLight","822 CLAYTON ST, SAN FRANCISCO, CA, 94117",0.03139825841052458,37.77929868712843,3860581,-122.44625927627669
"362","StreetLight","251 CHURCH ST, SAN FRANCISCO, CA, 94114",0.019222132023863237,37.774167067036885,3857528,-122.42577350651675
"363","StreetLight","697 DOLORES ST, SAN FRANCISCO, CA, 94110",0.008852653769454462,37.76375342647023,3824346,-122.42543983369995
"364","StreetLight","Intersection of 23RD ST and CHATTANOOGA ST",0.0040258206708302805,37.75896580400897,3844177,-122.42678736564024
"365","StreetLight","Intersection of 23RD ST and CHATTANOOGA ST",0.005655372486563631,37.76005383260368,3837476,-122.42397909973165
"366","StreetLight","485 DAY ST, SAN FRANCISCO, CA, 94131",0.008123481175697868,37.74709314602206,3854175,-122.42846870219898
"367","StreetLight","Intersection of 18TH ST and CHURCH ST",0.014260391276330713,37.76862656940399,3824353,-122.42236869015699
"368","StreetLight","5745 DIAMOND HEIGHTS BLVD, SAN FRANCISCO, CA, 94131",0.013755677580537879,37.74215564283749,3837377,-122.43146442109548
"369","StreetLight","Intersection of 19TH ST and DOUGLASS ST",0.013767879836963863,37.76328770340544,3827894,-122.43738856042233
"370","StreetLight","Intersection of DOLORES ST and MARKET ST",0.021589395523655294,37.77605586833419,3834274,-122.42185606748144
"371","StreetLight","582 ELIZABETH ST, SAN FRANCISCO, CA, 94114",0.007011430643781522,37.75808424870597,3828025,-122.42015286664275
"372","StreetLight","740 CHURCH ST, SAN FRANCISCO, CA, 94114",0.014805852421452409,37.76840931971382,3849889,-122.42024528104261
"373","StreetLight","Intersection of GRATTAN ST and STANYAN ST",0.024246524668140396,37.76807926024485,3860573,-122.44681592340142
"374","StreetLight","34 PORTOLA DR, SAN FRANCISCO, CA, 94131",0.011331780904440631,37.75845030844949,3854013,-122.43720738227377
"375","StreetLight","Intersection of 23RD ST and FAIR OAKS ST",0.009733674915344482,37.75482049052452,3844188,-122.41669506074756
"376","StreetLight","515 CHENERY ST, SAN FRANCISCO, CA, 94131",0.010777535298906928,37.74420696915665,3847418,-122.42721010965221
"377","StreetLight","674 ELIZABETH ST, SAN FRANCISCO, CA, 94114",0.010369819494610728,37.760886799755156,3828027,-122.43493423847245
"378","StreetLight","3633 16TH ST, SAN FRANCISCO, CA, 94114",0.015668304276825938,37.7699135014192,3857536,-122.42176183908963
"379","StreetLight","Intersection of CARL ST and STANYAN ST",0.028591982839169458,37.77446014962459,3827771,-122.44733454858698
"380","StreetLight","48 DAWNVIEW WAY, SAN FRANCISCO, CA, 94131",0.014168516269436738,37.7582619208175,3829586,-122.44020524490851
"381","StreetLight","Intersection of 21ST ST and DOLORES ST",0.01129380376142989,37.765287009441295,3844183,-122.42186470389782
"382","StreetLight","Intersection of 30TH ST and CHURCH ST",0.007114239800443618,37.74809103000455,3834203,-122.42829422780656
"383","StreetLight","Intersection of CHULA LN and CHURCH ST",0.010472137421843122,37.763908187370824,3857529,-122.42099407066785
"384","StreetLight","Intersection of DUBOCE AVE and WALTER ST",0.020888778389703894,37.775128134725776,3850786,-122.42100294014791
"385","StreetLight","Intersection of ALMA ST and STANYAN ST",0.026336625268763344,37.76899741945679,3831074,-122.44870913858671
"386","StreetLight","Intersection of MISSION ST and SAINT MARYS AVE",0.016900005753646318,37.738120003097094,3820414,-122.42789643911985
"387","StreetLight","Intersection of 19TH ST and NOE ST",0.013628546327856025,37.76816744201382,3827890,-122.4230815967449
"389","StreetLight","1851 15TH ST, SAN FRANCISCO, CA, 94103",0.02356929565902733,37.7782674825556,3857676,-122.42295073685482
"390","StreetLight","140 UPPER TER, SAN FRANCISCO, CA, 94117",0.021266928978868633,37.775907294311125,3824322,-122.43007862912803
"391","StreetLight","3543 21ST ST, SAN FRANCISCO, CA, 94114",0.015553480890225001,37.77050758522722,3837475,-122.42618029947913
"392","StreetLight","Intersection of PARNASSUS AVE and SHRADER ST",0.024875996568137524,37.770211819159776,3860575,-122.44607664450352
"393","StreetLight","2149 CASTRO ST, SAN FRANCISCO, CA, 94131",0.010745534939605585,37.744320916434525,3834161,-122.42796400562642
"394","StreetLight","118 CHURCH ST, SAN FRANCISCO, CA, 94114",0.020352350889074434,37.7753084222156,3824100,-122.42641828746349
"395","StreetLight","Intersection of DUBOCE AVE and STEINER ST",0.022054766267521675,37.77693939813032,3824327,-122.42820153181741
"396","StreetLight","602 NOE ST, SAN FRANCISCO, CA, 94114",0.016917484020433974,37.770838822790786,3840323,-122.4206020259737
"397","StreetLight","163 LIBERTY ST, SAN FRANCISCO, CA, 94110",0.013054357566103568,37.76218737453612,3844185,-122.41555928005043
"398","StreetLight","3851 18TH ST, SAN FRANCISCO, CA, 94114",0.012669563920062127,37.766148673122444,3824354,-122.4204911622673
"399","StreetLight","691 DOLORES ST, SAN FRANCISCO, CA, 94110",0.01296589909342207,37.76629235739766,3824347,-122.42013468337629
"400","StreetLight","Intersection of DIAMOND ST and MARKET ST",0.01490174831157698,37.76719636603607,3837452,-122.43492704673842
"401","StreetLight","82 POND ST, SAN FRANCISCO, CA, 94114",0.01001345741570764,37.76448422910519,3822448,-122.42334824898685
"402","StreetLight","Intersection of CUMBERLAND ST and DOLORES ST",0.007753441988775838,37.762704184354284,3824348,-122.42614031686486
"403","StreetLight","Intersection of 27TH ST and CHURCH ST",0.0048682589324011896,37.75911664932368,3833000,-122.4239000345727
"404","StreetLight","Intersection of ALVARADO ST and HOFFMAN AVE",0.009336883188170001,37.75559810313799,3848080,-122.4357425745096
"405","StreetLight","Intersection of DOLORES ST and MARKET ST",0.022526713006841774,37.77747237385292,3824337,-122.42711264121161
"406","StreetLight","199 PORTOLA DR, SAN FRANCISCO, CA, 94114",0.010227071454916366,37.76070590997937,3857002,-122.4348854725452
"407","StreetLight","3633 22ND ST, SAN FRANCISCO, CA, 94114",0,37.75495607354552,3844175,-122.4264277913306
"408","StreetLight","515 CHENERY ST, SAN FRANCISCO, CA, 94131",0.01025326159935537,37.74591632208867,3838865,-122.42158916890028
"409","StreetLight","555 BUENA VISTA AVE, SAN FRANCISCO, CA, 94117",0.024485658784285477,37.77734295843869,3792226,-122.43634620203396
"410","StreetLight","101 ALPINE TER, SAN FRANCISCO, CA, 94117",0.027256753974728237,37.780155376270656,3776782,-122.43681652462229
"411","StreetLight","3613 25TH ST, SAN FRANCISCO, CA, 94110",0.015591088328094315,37.75374241952474,3797138,-122.41088401189404
"412","StreetLight","Intersection of BUCHANAN ST and MARKET ST",0.02229639810761163,37.77670308855673,3808012,-122.4215087765232
"413","StreetLight","1800 MARKET ST, SAN FRANCISCO, CA, 94102",0.02910958609218351,37.77920455258552,3803781,-122.41032253545852
"414","StreetLight","2264 MARKET ST, SAN FRANCISCO, CA, 94114",0.021417714091205922,37.77634199525079,3803510,-122.42759433739005
"415","StreetLight","3970 22ND ST, SAN FRANCISCO, CA, 94114",0.005936264824673541,37.7525317329664,3799133,-122.43184644548316
"416","StreetLight","95 EAGLE ST, SAN FRANCISCO, CA, 94114",0.0169442848302805,37.76811320870722,3806296,-122.43710480321344
"417","StreetLight","Intersection of ADDISON ST and DIAMOND HEIGHTS BLVD",0.007892475579095806,37.749548201405226,3809771,-122.43217636416921
"418","StreetLight","Intersection of DOUGLASS ST and ELIZABETH ST",0.008284945217490331,37.75551267186202,3797065,-122.43469401873921
"419","StreetLight","Intersection of NOE ST and MARKET ST",0.009414679861364662,37.76372075413115,3812619,-122.42299026734902
"420","StreetLight","Intersection of CLIPPER ST and DOUGLASS ST",0.01047673495858222,37.75860586093869,3799561,-122.43624823059659
"421","StreetLight","1748 CHURCH ST, SAN FRANCISCO, CA, 94131",0.010238636877960486,37.74490829130711,3785552,-122.42446011320442
"422","StreetLight","551 DUBOCE AVE, SAN FRANCISCO, CA, 94117",0.0171552318653206,37.77208887693568,3797173,-122.42730473394387
"423","StreetLight","626 CASTRO ST, SAN FRANCISCO, CA, 94114",0.017386006524711613,37.77042887841046,3798322,-122.434356570082
"424","StreetLight","2254 MARKET ST, SAN FRANCISCO, CA, 94114",0.02371075956682858,37.77858809370386,3803502,-122.42449705507936
"425","StreetLight","4096 17TH ST, SAN FRANCISCO, CA, 94114",0.017485467410995797,37.76948637868832,3804385,-122.43615465120612
"426","StreetLight","Intersection of 19TH ST and NOE ST",0.009381678137158653,37.76429599923454,3799359,-122.42731191394248
"427","StreetLight","392 FAIR OAKS ST, SAN FRANCISCO, CA, 94110",0.007900661554731821,37.75254120268552,3797144,-122.41890523513393
"428","StreetLight","231 30TH ST, SAN FRANCISCO, CA, 94131",0.00921776864195937,37.745826688417765,3810354,-122.42515437626638
"429","StreetLight","Intersection of GRAND VIEW AVE and MORGAN ALY",0.008534907396878946,37.752726928722225,3799555,-122.43466645369958
"430","StreetLight","Intersection of CASTRO ST and DIVISADERO ST",0.023968027233918006,37.77836337565564,3801616,-122.43158187101679
"431","StreetLight","Intersection of DUNCAN ST and CHURCH ST",0.002103535476943969,37.75688679001878,3785578,-122.42559280905375
"432","StreetLight","146 LOWER TER, SAN FRANCISCO, CA, 94114",0.013405146913294735,37.76586102082207,3776686,-122.43422394991433
"433","StreetLight","453 HILL ST, SAN FRANCISCO, CA, 94114",0.015044721312814289,37.76892724997875,3797205,-122.42084658461056
"434","StreetLight","Intersection of MONTEREY BLVD and JOOST AVE",0.02048370824366671,37.734718650914154,3781385,-122.42326092716378
"435","StreetLight","21 EUREKA ST, SAN FRANCISCO, CA, 94114",0.011039307904220138,37.76266976652784,3773527,-122.43432495915069
"436","StreetLight","125 30TH ST, SAN FRANCISCO, CA, 94110",0.01594043190004457,37.74959734886052,3793258,-122.41141508208442
"437","StreetLight","67 WALLER ST, SAN FRANCISCO, CA, 94102",0.028134901447772098,37.78069192843614,3803780,-122.41505948219842
"438","StreetLight","Intersection of 17TH ST and NOE ST",0.009400441019942432,37.76384121585696,3810987,-122.42335817613078
"439","StreetLight","700 GRAND VIEW AVE, SAN FRANCISCO, CA, 94114",0.004723121231589934,37.75444627292824,3799557,-122.43112331872365
"440","StreetLight","4 CLIPPER ST, SAN FRANCISCO, CA, 94114",0.0013597551288838303,37.75595266170751,3795809,-122.42550272590269
"441","StreetLight","565 EUREKA ST, SAN FRANCISCO, CA, 94114",0.013036485871715443,37.76087476596803,3799127,-122.43804325705054
"442","StreetLight","126 ROANOKE ST, SAN FRANCISCO, CA, 94131",0.010330090119724052,37.74542001839862,3817732,-122.42245608966546
"443","StreetLight","394 LAIDLEY ST, SAN FRANCISCO, CA, 94131",0.01215845611919906,37.74330761407084,3797094,-122.42294333340014
"444","StreetLight","2118 MARKET ST, SAN FRANCISCO, CA, 94114",0.017579727823356033,37.7723733116992,3803466,-122.42404312249795
"445","StreetLight","190 PORTOLA DR, SAN FRANCISCO, CA, 94131",0.006509791349149573,37.75200573633254,3810502,-122.43223062630491
"446","StreetLight","2252 15TH ST, SAN FRANCISCO, CA, 94114",0.019793763385841896,37.77473013152855,3806865,-122.42554478518196
"447","StreetLight","409 DOLORES ST, SAN FRANCISCO, CA, 94110",0.008546988401965569,37.763310987267076,3793889,-122.42462600681276
"448","StreetLight","Intersection of BUENA VISTA EAST AVE and PARK HILL AVE",128.12047884105635,0.007572500103142592,3797370,0.007195579951593674
"449","StreetLight","1600 CASTRO ST, SAN FRANCISCO, CA, 94114",0.002374295041969597,37.75443652767744,3797074,-122.42411103734338
"450","StreetLight","2254 15TH ST, SAN FRANCISCO, CA, 94114",0.02451849374705807,37.77933393315178,3817090,-122.42380548382728
"451","StreetLight","Intersection of 25TH ST and CASTRO ST",0.006262607027506492,37.75767077301886,3817125,-122.42078415300497
"452","StreetLight","144 GRATTAN ST, SAN FRANCISCO, CA, 94117",0.017408221319484142,37.765304221198804,3776823,-122.44042643446677
"453","StreetLight","595 14TH ST, SAN FRANCISCO, CA, 94103",0.02273944368480455,37.7772368681846,3803786,-122.42188373044351
"454","StreetLight","501 BUENA VISTA AVE, SAN FRANCISCO, CA, 94117",0.026998398233708015,37.78074972766708,3808584,-122.43440280946496
"455","StreetLight","41 WALLER ST, SAN FRANCISCO, CA, 94102",0.020700716328924174,37.77343110908689,3808551,-122.4170900872083
"456","StreetLight","745 GRAND VIEW AVE, SAN FRANCISCO, CA, 94114",0.011112298047277076,37.7523141255731,3799559,-122.43722145978958
"457","StreetLight","439 CORBETT AVE, SAN FRANCISCO, CA, 94114",0.025898731229697994,37.76881921180615,3799470,-122.44830375249519
"458","StreetLight","Intersection of NOE ST and MARKET ST",0.011569670494612537,37.766052455201894,3803458,-122.42315249142219
"459","StreetLight","144 GRATTAN ST, SAN FRANCISCO, CA, 94117",0.021759880643273635,37.7670583031828,3784681,-122.44451171909577
"460","StreetLight","224 GRAND VIEW AVE, SAN FRANCISCO, CA, 94114",0.012277757119552195,37.75322519940363,3805766,-122.43858292993909
"461","StreetLight","2215 MARKET ST, SAN FRANCISCO, CA, 94114",0.021545672187398647,37.776501152548924,3812656,-122.42626791405272
"462","StreetLight","2380 MARKET ST, SAN FRANCISCO, CA, 94114",0.012569356301663908,37.7673292252649,3812584,-122.42863999257989
"463","StreetLight","565 CLIPPER ST, SAN FRANCISCO, CA, 94114",0.011441818413033645,37.7605118061958,3797069,-122.43643024319579
"464","StreetLight","1186 SANCHEZ ST, SAN FRANCISCO, CA, 94114",0.0029598140529514287,37.75331343409,3797156,-122.42888995193609
"465","StreetLight","Intersection of 25TH ST and POPLAR ST",0.013857067029223973,37.75937475717152,3797125,-122.41329411166092
"466","StreetLight","Intersection of CLAYTON ST and PEMBERTON PL",0.020865651112865116,37.763894922572085,3810505,-122.44528176636092
"467","StreetLight","Intersection of 27TH ST and CHURCH ST",0.0037866859987094256,37.753612869293235,3785566,-122.42288734034386
"468","StreetLight","Intersection of SANCHEZ ST and MARKET ST",0.021303634854379336,37.77620068120873,3812671,-122.42484301902986
"469","StreetLight","716 ELIZABETH ST, SAN FRANCISCO, CA, 94114",0.008053244791311663,37.7579058928251,3799563,-122.43392134308438
"470","StreetLight","Intersection of ADDISON ST and DIAMOND HEIGHTS BLVD",0.007722916439154838,37.748192327755724,3809761,-122.43015541540193
"471","StreetLight","251 SAN JOSE AVE, SAN FRANCISCO, CA, 94110",0.010467772635065138,37.759875140176284,3797133,-122.41718782123208
"472","StreetLight","Intersection of CLAYTON ST and PEMBERTON PL",0.018035460172685293,37.76563229353553,3773022,-122.44096382071848
"473","StreetLight","Intersection of CHURCH ST and MARKET ST",0.020184855007333448,37.77434400301436,3787957,-122.42081204894171
"474","StreetLight","Intersection of 17TH ST and DOLORES ST",0.009238235436217275,37.764111996426635,3780060,-122.42519731574365
"475","StreetLight","Intersection of ARGUELLO BLVD and FREDERICK ST",0.035277024501765,37.778879959833006,3784932,-122.45235299379078
"476","StreetLight","289 SAN JOSE AVE, SAN FRANCISCO, CA, 94110",0.0100505329697905,37.7558145529001,3797130,-122.41641398954633
"477","StreetLight","2254 MARKET ST, SAN FRANCISCO, CA, 94114",0.02594626285088731,37.780232965151576,3812630,-122.42057225491938
"478","StreetLight","3974 22ND ST, SAN FRANCISCO, CA, 94114",0.012768863120420656,37.75221865198942,3779459,-122.43889977547957
"479","StreetLight","Intersection of LAGUNA ST and WALLER ST",0.01974349429971373,37.774680874800936,3803779,-122.42728673405118
"480","StreetLight","3564 17TH ST, SAN FRANCISCO, CA, 94110",0.015262255099025856,37.76990575274946,3793897,-122.42335475986198
"481","StreetLight","3894 17TH ST, SAN FRANCISCO, CA, 94114",0.014592521006641693,37.76907825708093,3803799,-122.42275279452494
"482","StreetLight","4 CLIPPER ST, SAN FRANCISCO, CA, 94114",0.002126848962252026,37.75628498665652,3795808,-122.4247672262305
"483","StreetLight","2156 MARKET ST, SAN FRANCISCO, CA, 94114",0.026095970013500155,37.78068311209631,3803476,-122.42205524763709
"484","StreetLight","303 DOLORES ST, SAN FRANCISCO, CA, 94110",0.008564610049393358,37.76345223113132,3778552,-122.42750846314733
"485","StreetLight","Intersection of WALTER ST and DUBOCE AVE",0.023244989239901297,37.77806049451696,3812298,-122.4289802913478
"486","StreetLight","469 27TH ST, SAN FRANCISCO, CA, 94131",0.002468563066782473,37.75688745229522,3817611,-122.42796518514479
"487","StreetLight","95 EAGLE ST, SAN FRANCISCO, CA, 94114",0.0142444495659391,37.768396925099104,3815765,-122.43114455430441
"488","StreetLight","Billy Goat Hill, , SAN FRANCISCO, CA, 94131",0.011660896752908313,37.74361986542339,3797198,-122.42369522870666
"489","StreetLight","Intersection of 25TH ST and CHURCH ST",0.00602942245772766,37.75314938055273,3797148,-122.42067541828953
"490","StreetLight","1718 CASTRO ST, SAN FRANCISCO, CA, 94131",0.005775080680834473,37.75640305654876,3797077,-122.42083692404023
"491","StreetLight","626 14TH ST, SAN FRANCISCO, CA, 94114",0.01846430942871028,37.77324540505979,3803785,-122.42896374784449
"492","StreetLight","Intersection of CASTRO ST and MARKET ST",0.012960718412754497,37.76494686586454,3812582,-122.43468395815383
"493","StreetLight","2200 MARKET ST, SAN FRANCISCO, CA, 94114",0.024618071300561532,37.77884512018642,3803456,-122.4204811212415
"494","StreetLight","1931 DIAMOND ST, SAN FRANCISCO, CA, 94131",0.015736564593753267,37.74207488374216,3809721,-122.43546739389173
"495","StreetLight","Billy Goat Hill, , SAN FRANCISCO, CA, 94131",0.01279567527306005,37.742204444641374,3797191,-122.42536700577993
"496","StreetLight","Intersection of 17TH ST and DOLORES ST",0.009323300057449429,37.76400150407363,3795138,-122.42868701919036
"497","StreetLight","30 ROSEMONT PL, SAN FRANCISCO, CA, 94103",0.019180722564393193,37.77405380856879,3803787,-122.42821010305231
"498","StreetLight","3997 CESAR CHAVEZ ST, SAN FRANCISCO, CA, 94131",0.002286697812518976,37.75351340616399,3790442,-122.42465361611038
"499","StreetLight","3969 26TH ST, SAN FRANCISCO, CA, 94131",0.0059002930044584675,37.75401091484416,3797115,-122.4206036920382
"500","StreetLight","Duboce Park, , SAN FRANCISCO, CA, 94117",0.022716694417242528,37.77755099942823,3812241,-122.42877673356091
"501","StreetLight","1718 CASTRO ST, SAN FRANCISCO, CA, 94131",0.0028826996444362113,37.75311578653314,3805770,-122.42864664259918
"502","StreetLight","2280 MARKET ST, SAN FRANCISCO, CA, 94114",0.015196000734571223,37.769247595922515,3803480,-122.42126341077984
"503","StreetLight","551 DUBOCE AVE, SAN FRANCISCO, CA, 94117",0.01897053986527484,37.77391101993903,3797175,-122.42565877247564
"504","StreetLight","2233 MARKET ST, SAN FRANCISCO, CA, 94114",0.024316839855957697,37.77913079410597,3812634,-122.42380260821228
"505","StreetLight","31 CHATTANOOGA ST, SAN FRANCISCO, CA, 94114",0.013238365081128727,37.76730936986009,3774822,-122.42166854977486
"506","StreetLight","Intersection of DIVISADERO ST and DUBOCE AVE",0.0233473971870991,37.77630082740494,3776786,-122.43588836415115
"507","StreetLight","4121 26TH ST, SAN FRANCISCO, CA, 94131",0.0019638053760704507,37.75687890313588,3797086,-122.42682686265447
"508","StreetLight","197 PORTOLA DR, SAN FRANCISCO, CA, 94131",0.007620954462224654,37.75857189620721,3776692,-122.43313635104148
"509","StreetLight","2140 MARKET ST, SAN FRANCISCO, CA, 94114",0.021102256507547892,37.776044839074046,3803482,-122.42567333908343
"510","StreetLight","31 CHATTANOOGA ST, SAN FRANCISCO, CA, 94114",0.014325064909004016,37.769169845766285,3777739,-122.42464561179322
"511","StreetLight","2261 MARKET ST, SAN FRANCISCO, CA, 94114",0.009961354149997265,37.76477463666612,3812625,-122.4247471977603
"512","StreetLight","3960 17TH ST, SAN FRANCISCO, CA, 94114",0.010739962671793371,37.76549012504978,3796187,-122.42433481328553
"513","StreetLight","4325 CESAR CHAVEZ ST, SAN FRANCISCO, CA, 94131",0.00981344795923112,37.75663622639749,3817120,-122.43609634071727
"514","StreetLight","Intersection of DOLORES ST and MARKET ST",0.01913701465752583,37.773969283556866,3803782,-122.42425450463371
"515","StreetLight","148 RANDALL ST, SAN FRANCISCO, CA, 94131",0.010906143881365397,37.74532567079,3819832,-122.42130926447929
"516","StreetLight","3577 17TH ST, SAN FRANCISCO, CA, 94110",0.007262498940134194,37.76215544465987,3793895,-122.425472309037
"517","StreetLight","2264 MARKET ST, SAN FRANCISCO, CA, 94114",0.020532324324926673,37.775421438808735,3803454,-122.42477093683269
"519","StreetLight","25 ELK ST, SAN FRANCISCO, CA, 94131",0.011306528482367285,37.74442390864865,3723685,-122.43054010076784
"520","StreetLight","197 COLLINGWOOD ST, SAN FRANCISCO, CA, 94114",0.017201119158032258,37.770942414143164,3725063,-122.43277723339939
"521","StreetLight","125 CASTRO ST, SAN FRANCISCO, CA, 94114",0.018759420249955923,37.772958430168174,3757392,-122.43170330117755
"522","StreetLight","1035 ASHBURY ST, SAN FRANCISCO, CA, 94117",0.02252930761940596,37.76991442634266,3767504,-122.44327467185508
"523","StreetLight","46 YUKON ST, SAN FRANCISCO, CA, 94114",0.014849153209480092,37.76769879441048,3739818,-122.43405146603486
"524","StreetLight","1669 CHURCH ST, SAN FRANCISCO, CA, 94131",0.004730880171205029,37.750773262608355,3756152,-122.42863806729939
"525","StreetLight","Intersection of MASONIC AVE and UPPER TER",0.020238805093323684,37.77347597246116,3729589,-122.43459005668771
"526","StreetLight","87 DOLORES ST, SAN FRANCISCO, CA, 94103",0.02485672274202859,37.7798089604713,3770550,-122.42599112563632
"527","StreetLight","626 CASTRO ST, SAN FRANCISCO, CA, 94114",0.01590963372531498,37.76841407713017,3757205,-122.43491298931234
"528","StreetLight","144 PORTOLA DR, SAN FRANCISCO, CA, 94131",0.0065631699624315795,37.76040023471248,3754133,-122.43009334847024
"529","StreetLight","Intersection of 17TH ST and NOE ST",0.011107176806012751,37.76436980819953,3736404,-122.42053279544731
"530","StreetLight","Intersection of CLAYTON ST and CORBETT AVE",0.02457136661274393,37.7707205238003,3757974,-122.44527544809165
"531","StreetLight","Intersection of 15TH ST and PARK HILL AVE",0.026952791188799924,37.78079168024039,3739762,-122.43410726914976
"532","StreetLight","210 CHURCH ST, SAN FRANCISCO, CA, 94114",0.022560335586927303,37.77743092498143,3735664,-122.42446570195226
"533","StreetLight","386 NOE ST, SAN FRANCISCO, CA, 94114",0.012856955919510894,37.767806332716624,3757265,-122.42601287597569
"534","StreetLight","4076 17TH ST, SAN FRANCISCO, CA, 94114",0.011288233143543743,37.7632166083849,3730808,-122.4341211502635
"535","StreetLight","4645 17TH ST, SAN FRANCISCO, CA, 94117",0.019257008061241806,37.76330509204717,3733208,-122.44378078097301
"536","StreetLight","2341 MARKET ST, SAN FRANCISCO, CA, 94114",0.008102522731769994,37.76305560697446,3753467,-122.42620771667886
"537","StreetLight","4092 17TH ST, SAN FRANCISCO, CA, 94114",0.01486930478422869,37.762974433968665,3739640,-122.43894985669102
"538","StreetLight","2227 MARKET ST, SAN FRANCISCO, CA, 94114",0.01968790667353961,37.77464015722322,3753430,-122.4260398236058
"539","StreetLight","449 CASTRO ST, SAN FRANCISCO, CA, 94114",0.009939969010087604,37.764570503483256,3747177,-122.42390475330197
"540","StreetLight","399 DOLORES ST, SAN FRANCISCO, CA, 94110",0.015550744233926396,37.769788165103144,3761129,-122.4217550291651
"541","StreetLight","Intersection of DIAMOND ST and MARKET ST",0.009935314433032014,37.762995924405224,3757249,-122.43226485146708
"542","StreetLight","2 CASTRO ST, SAN FRANCISCO, CA, 94114",0.02720560034280778,37.78099363699072,3727001,-122.43431385370987
"543","StreetLight","2059 MARKET ST, SAN FRANCISCO, CA, 94114",0.024993970271017293,37.77988452983023,3770546,-122.42823627610245
"544","StreetLight","2334 MARKET ST, SAN FRANCISCO, CA, 94114",0.014890545406253205,37.76981584597019,3745680,-122.42547097056229
"545","StreetLight","Intersection of DOLORES ST and MARKET ST",0.020157104565365354,37.77489527026901,3763877,-122.42347189916731
"546","StreetLight","1402 COLE ST, SAN FRANCISCO, CA, 94117",0.02642521071041898,37.77069904153696,3733209,-122.44765161567756